Id;R;Nome;Squadra;Pg;Mv;Mf;Gf;Gs;Rp;Rc;R+;R-;Ass;Amm;Esp;Au
3;P;RADUNOVIC;Cagliari;1;5,5;1,5;0;4;0;0;0;0;0;0;0;0
4;P;SPORTIELLO;Atalanta;1;6;4;0;2;0;0;0;0;0;0;0;0
11;D;CONTI;Milan;0;0;0;0;0;0;0;0;0;0;0;0;0
15;D;MASIELLO;Genoa;2;5,25;5;0;0;0;0;0;0;0;1;0;0
22;C;DE ROON;Atalanta;6;5,75;5,67;0;0;0;0;0;0;0;1;0;0
27;C;GRASSI;Cagliari;5;5,83;5,83;0;0;0;0;0;0;0;0;0;0
41;P;MIRANTE;Milan;0;0;0;0;0;0;0;0;0;0;0;0;0
42;P;SARR M.;Bologna;0;0;0;0;0;0;0;0;0;0;0;0;0
45;D;FERRARI A.;Sampdoria;1;0;0;0;0;0;0;0;0;0;0;0;0
50;D;MBAYE;Bologna;0;0;0;0;0;0;0;0;0;0;0;0;0
58;C;DIAWARA;Roma;1;0;0;0;0;0;0;0;0;0;0;0;0
73;D;GAGLIOLO;Salernitana;7;5,58;5,67;0;0;0;0;0;0;1;1;0;0
76;D;ROMAGNOLI S.;Empoli;5;5,6;5,6;0;0;0;0;0;0;0;0;0;0
90;A;LASAGNA;Verona;5;5,38;5,38;0;0;0;0;0;0;0;0;0;0
118;D;RADOVANOVIC;Genoa;0;0;0;0;0;0;0;0;0;0;0;0;0
133;P;SKORUPSKI;Bologna;9;6,17;4;0;19;0;0;0;0;0;1;0;0
140;D;HYSAJ;Lazio;9;5,56;5,83;1;0;0;0;0;0;0;1;0;0
142;D;MARIO RUI;Napoli;9;6,17;6,22;0;0;0;0;0;0;2;3;0;0
144;D;TONELLI;Empoli;3;5,67;5,67;0;0;0;0;0;0;0;0;0;0
148;C;KRUNIC;Milan;5;6,4;6,6;0;0;0;0;0;0;1;0;0;0
150;C;SAPONARA;Fiorentina;8;6,5;7,33;1;0;0;0;0;0;2;0;0;0
152;C;ZIELINSKI;Napoli;8;6,12;6,75;1;0;0;0;0;0;2;0;0;0
158;P;LEZZERINI;Venezia;2;6,25;4,5;0;3;0;0;0;0;0;1;0;0
160;P;TATARUSANU;Milan;3;6,17;4,83;0;4;0;0;0;0;0;0;0;0
170;C;BADELJ;Genoa;8;5,56;5,56;0;0;0;0;0;0;0;0;0;0
173;C;CAPEZZI;Salernitana;2;5,75;5,75;0;0;0;0;0;0;0;0;0;0
177;A;ILICIC;Atalanta;10;6,39;7,11;3;0;0;1;0;1;1;1;0;0
181;C;VECINO;Inter;8;6,17;6,58;1;0;0;0;0;0;0;1;0;0
184;C;BERNARDESCHI;Juventus;8;5,64;5,57;0;0;0;0;0;0;0;1;0;0
186;A;REBIC;Milan;8;6,25;6,88;1;0;0;0;0;0;2;0;0;0
215;A;VERDE;Spezia;9;6,33;7,44;3;0;0;0;0;0;1;0;0;0
218;P;PERIN;Juventus;2;6,25;4,25;0;4;0;0;0;0;0;0;0;0
220;P;UJKANI;Empoli;0;0;0;0;0;0;0;0;0;0;0;0;0
224;D;DE MAIO;Udinese;0;0;0;0;0;0;0;0;0;0;0;0;0
226;D;IZZO;Torino;2;5,25;5,25;0;0;0;0;0;0;0;0;0;0
236;C;LAZOVIC;Verona;10;5,95;6,05;0;0;0;0;0;0;1;0;0;0
238;C;RINCON;Torino;4;6;5,75;0;0;0;0;0;0;0;1;0;0
244;D;GHIGLIONE;Genoa;5;5,75;6;0;0;0;0;0;0;1;0;0;0
245;A;PANDEV;Genoa;10;5,72;5,78;0;0;0;0;0;0;1;1;0;0
247;A;PAVOLETTI;Cagliari;8;5,9;6,5;1;0;0;0;0;0;0;1;0;0
250;P;HANDANOVIC;Inter;10;6,15;4,95;0;12;0;0;0;0;0;0;0;0
252;D;BIRAGHI;Fiorentina;10;6;6,2;0;0;0;1;1;0;0;2;0;0
253;D;D'AMBROSIO;Inter;3;7;8,5;1;0;0;0;0;0;0;0;0;0
254;D;DIMARCO;Inter;9;6,44;7,06;2;0;0;1;0;1;2;0;0;0
256;D;JUAN JESUS;Napoli;2;0;0;0;0;0;0;0;0;0;0;0;0
259;D;MURILLO;Sampdoria;0;0;0;0;0;0;0;0;0;0;0;0;0
261;D;RANOCCHIA;Inter;1;6;6;0;0;0;0;0;0;0;0;0;0
264;C;BESSA;Verona;4;6,25;7;1;0;0;0;0;0;0;0;0;0
265;C;BROZOVIC;Inter;10;6,2;6,15;0;0;0;0;0;0;1;3;0;0
272;C;MEDEL;Bologna;9;5,67;5,56;0;0;0;0;0;0;0;2;0;0
286;D;BONUCCI;Juventus;9;6,11;6,39;0;0;0;1;1;0;0;1;0;0
287;D;CACERES;Cagliari;7;5,93;6,43;1;0;0;0;0;0;1;1;0;0
288;D;CHIELLINI;Juventus;7;6,36;6,21;0;0;0;0;0;0;0;2;0;0
294;D;RUGANI;Juventus;0;0;0;0;0;0;0;0;0;0;0;0;0
302;C;PEREYRA;Udinese;9;6,06;6,56;1;0;0;1;1;0;0;1;1;0
305;C;STURARO;Genoa;5;5,3;5,2;0;0;0;0;0;0;0;1;0;0
306;A;CERRI;Cagliari;0;0;0;0;0;0;0;0;0;0;0;0;0
309;A;DYBALA;Juventus;7;6,57;8,21;2;0;0;1;1;0;3;1;0;0
311;A;LLORENTE;Udinese;0;0;0;0;0;0;0;0;0;0;0;0;0
313;A;MORATA;Juventus;9;5,78;6,39;2;0;0;0;0;0;0;1;0;0
315;A;ZAZA;Torino;1;0;0;0;0;0;0;0;0;0;0;0;0
316;P;BERISHA;Torino;0;0;0;0;0;0;0;0;0;0;0;0;0
318;P;MARCHETTI;Genoa;0;0;0;0;0;0;0;0;0;0;0;0;0
322;D;DE VRIJ;Inter;10;5,8;5,75;0;0;0;0;0;0;0;1;0;0
327;D;PATRIC;Lazio;5;5,5;5,33;0;0;0;0;0;0;0;1;0;0
329;D;RADU;Lazio;1;4;4;0;0;0;0;0;0;0;0;0;0
332;C;CANDREVA;Sampdoria;10;6,6;7,95;4;0;0;0;0;0;2;1;0;0
333;C;CATALDI;Lazio;8;6,07;6,36;1;0;0;0;0;0;0;2;0;0
335;C;FELIPE ANDERSON;Lazio;10;6,3;7,35;3;0;0;0;0;0;2;1;0;0
345;A;KEITA B.;Cagliari;8;6,07;7;2;0;0;0;0;0;1;1;0;0
357;D;CALABRIA;Milan;8;6,31;7,12;2;0;0;0;0;0;1;1;0;0
358;D;DE SCIGLIO;Juventus;5;6;5,83;0;0;0;0;0;0;0;1;0;0
367;C;BONAVENTURA;Fiorentina;10;6,25;6,45;1;0;0;0;0;0;1;4;0;0
376;C;VERDI;Torino;2;6,25;7,75;1;0;0;0;0;0;0;0;0;0
383;A;PETAGNA;Napoli;7;7;10;1;0;0;0;0;0;0;0;0;0
387;P;REINA;Lazio;10;6,15;4,5;0;17;0;0;0;0;1;1;0;0
390;D;GHOULAM;Napoli;0;0;0;0;0;0;0;0;0;0;0;0;0
392;D;KOULIBALY;Napoli;9;6,89;7,61;2;0;0;0;0;0;1;1;0;0
393;D;LUPERTO;Empoli;6;5,8;5,6;0;0;0;0;0;0;0;2;0;0
400;C;DEZI;Venezia;1;6;6;0;0;0;0;0;0;0;0;0;0
406;C;CALLEJON;Fiorentina;10;5,72;5,72;0;0;0;0;0;0;0;0;0;0
407;A;GABBIADINI;Sampdoria;4;5,88;6;0;0;0;0;0;0;1;1;0;0
409;A;INSIGNE;Napoli;9;6,33;6,22;0;0;0;5;2;3;2;0;0;0
410;A;MERTENS;Napoli;3;6,5;6,5;0;0;0;0;0;0;0;1;0;0
418;D;GOLDANIGA;Sassuolo;1;0;0;0;0;0;0;0;0;0;0;0;0
434;C;JAJALO;Udinese;3;0;0;0;0;0;0;0;0;0;0;0;0
440;C;VIOLA;Bologna;0;0;0;0;0;0;0;0;0;0;0;0;0
441;A;BELOTTI;Torino;5;5,9;6,5;1;0;0;0;0;0;0;0;0;0
447;A;LA GUMINA;Sampdoria;0;0;0;0;0;0;0;0;0;0;0;0;0
453;P;SZCZESNY;Juventus;8;5,88;5;0;9;1;0;0;0;0;2;0;0
454;D;CAPRADOSSI;Spezia;0;0;0;0;0;0;0;0;0;0;0;0;0
459;D;MANOLAS;Napoli;4;5,62;5,5;0;0;0;0;0;0;0;1;0;0
460;D;ROMAGNOLI;Milan;7;6,25;6,17;0;0;0;0;0;0;0;1;0;0
464;D;FLORENZI;Milan;5;5,88;5,88;0;0;0;0;0;0;0;0;0;0
467;C;NAINGGOLAN;Inter;0;0;0;0;0;0;0;0;0;0;0;0;0
470;C;STROOTMAN;Cagliari;6;5,67;5,33;0;0;0;0;0;0;0;4;0;0
472;A;DESTRO;Genoa;7;6,71;9,14;6;0;0;0;0;0;0;2;0;0
475;A;IAGO FALQUE;Torino;0;0;0;0;0;0;0;0;0;0;0;0;0
479;A;SANABRIA;Torino;10;6,05;6,7;2;0;0;0;0;0;1;1;0;0
481;P;BRIGNOLI;Empoli;0;0;0;0;0;0;0;0;0;0;0;0;0
487;D;DE SILVESTRI;Bologna;9;6,22;6,89;2;0;0;0;0;0;1;2;0;0
495;A;CORREA;Inter;6;6;6,83;2;0;0;0;0;0;0;2;0;0
505;A;BONAZZOLI;Salernitana;9;6,17;6,61;1;0;0;1;1;0;0;4;0;0
507;A;MURIEL;Atalanta;5;6,1;6,9;1;0;0;0;0;0;1;0;0;0
509;P;CONSIGLI;Sassuolo;10;6,25;4,9;0;13;0;0;0;0;0;1;0;0
510;P;PEGOLO;Sassuolo;0;0;0;0;0;0;0;0;0;0;0;0;0
513;D;ACERBI;Lazio;8;5,94;5,81;0;0;0;0;0;0;0;0;1;0
521;D;PELUSO;Sassuolo;0;0;0;0;0;0;0;0;0;0;0;0;0
526;C;DUNCAN;Fiorentina;9;6;5,94;0;0;0;0;0;0;0;1;0;0
528;C;MAGNANELLI;Sassuolo;4;5,5;5,5;0;0;0;0;0;0;0;0;0;0
530;C;PELLEGRINI LO.;Roma;9;6,67;8,33;5;0;0;0;0;0;2;2;1;0
531;A;BERARDI;Sassuolo;8;6,62;8,31;3;0;0;1;1;0;2;1;0;0
536;A;POLITANO;Napoli;9;6,22;6,61;1;0;0;0;0;0;1;1;0;0
537;A;SANSONE;Bologna;6;5,9;5,9;0;0;0;0;0;0;1;2;0;0
543;P;PADELLI;Udinese;0;0;0;0;0;0;0;0;0;0;0;0;0
550;D;MAKSIMOVIC;Genoa;5;5,4;5,2;0;0;0;0;0;0;0;2;0;0
551;D;MOLINARO;Venezia;5;6;6,2;0;0;0;0;0;0;1;0;0;0
554;D;ZAPPACOSTA;Atalanta;9;6,25;6,69;1;0;0;0;0;0;1;1;0;0
556;C;BASELLI;Torino;2;5,5;5,5;0;0;0;0;0;0;0;0;0;0
557;C;BENASSI;Fiorentina;6;5,62;5,5;0;0;0;0;0;0;0;1;0;0
560;C;OBI;Salernitana;9;6,06;6,06;0;0;0;0;0;0;1;2;0;0
568;A;QUAGLIARELLA;Sampdoria;10;5,94;6,39;0;0;0;1;1;0;1;0;0;0
572;P;MERET;Napoli;2;6,25;5,75;0;1;0;0;0;0;0;0;0;0
574;P;SCUFFET;Udinese;0;0;0;0;0;0;0;0;0;0;0;0;0
581;D;FARAONI;Verona;9;6,22;7;2;0;0;0;0;0;2;2;0;0
600;C;VERRE;Sampdoria;5;5,88;5,88;0;0;0;0;0;0;0;0;0;0
608;A;ZAPATA D.;Atalanta;8;6,69;8,75;3;0;0;2;2;0;2;1;0;0
630;D;SALA;Spezia;5;5,75;5,62;0;0;0;0;0;0;0;1;0;0
632;C;ZACCAGNI;Lazio;5;6,3;7,5;1;0;0;1;1;0;0;0;0;0
633;D;FARES;Genoa;7;5,93;6,79;2;0;0;0;0;0;1;2;0;0
640;D;CHIRICHES;Sassuolo;9;6,12;5,94;0;0;0;0;0;0;0;3;0;0
643;A;DEFREL;Sassuolo;10;5,92;6;0;0;0;0;0;0;1;1;0;0
644;C;PULGAR;Fiorentina;5;5,75;5,75;0;0;0;0;0;0;1;2;0;0
645;C;MILINKOVIC-SAVIC;Lazio;10;6,4;7,55;3;0;0;0;0;0;4;3;0;0
647;A;DZEKO;Inter;10;6,83;9,22;7;0;0;0;0;0;1;1;0;0
649;A;MANAJ;Spezia;5;5,75;5,62;0;0;0;0;0;0;0;1;0;0
652;A;KALINIC;Verona;7;6,14;7,29;3;0;0;0;0;0;0;2;0;0
660;D;GYOMBER;Salernitana;9;5,67;5,56;0;0;0;0;0;0;0;2;0;0
662;D;ALEX SANDRO;Juventus;9;5,94;5,88;0;0;0;0;0;0;0;1;0;0
695;D;TOLOI;Atalanta;6;6;6,33;1;0;0;0;0;0;0;2;0;0
697;D;CUADRADO;Juventus;8;6,06;6,31;1;0;0;0;0;0;0;2;0;0
704;C;PERISIC;Inter;8;6,25;7;1;0;0;1;1;0;1;2;0;0
706;D;ANSALDI;Torino;7;6,5;7;0;0;0;0;0;0;3;0;0;0
720;P;BELEC;Salernitana;10;6,2;4;0;22;0;0;0;0;0;0;0;0
758;D;MANTOVANI;Salernitana;0;0;0;0;0;0;0;0;0;0;0;0;0
761;P;AUDERO;Sampdoria;10;6;4;0;20;0;0;0;0;0;0;0;0
770;D;PEZZELLA GIU.;Atalanta;7;6;5,75;0;0;0;0;0;0;0;2;0;0
779;C;CRISTANTE;Roma;10;5,95;6,05;1;0;0;0;0;0;0;4;0;0
785;A;IMMOBILE;Lazio;9;6,61;9,11;5;0;0;4;3;1;2;1;0;0
787;D;DJIMSITI;Atalanta;7;5,93;5,93;0;0;0;0;0;0;0;0;0;0
788;C;FREULER;Atalanta;8;5,81;5,62;0;0;0;0;0;0;0;3;0;0
790;D;SAMIR;Udinese;10;5,95;5,75;0;0;0;0;0;0;0;4;0;0
791;D;SABELLI;Genoa;4;5,88;5,75;0;0;0;0;0;0;0;1;0;0
795;A;EL SHAARAWY;Roma;10;6;6,31;1;0;0;0;0;0;0;1;0;0
798;D;SKRINIAR;Inter;9;6,06;6,67;2;0;0;0;0;0;0;1;0;0
799;P;BARDI;Bologna;0;0;0;0;0;0;0;0;0;0;0;0;0
801;C;GAGLIARDINI;Inter;5;6,1;6,1;0;0;0;0;0;0;1;2;0;0
805;D;FIAMOZZI;Empoli;2;0;0;0;0;0;0;0;0;0;0;0;0
819;A;FAVILLI;Genoa;1;5,5;5,5;0;0;0;0;0;0;0;0;0;0
827;C;LOCATELLI;Juventus;10;6,22;6,94;2;0;0;0;0;0;1;1;0;0
1839;A;EDERA;Torino;0;0;0;0;0;0;0;0;0;0;0;0;0
1843;P;RADU I.;Inter;0;0;0;0;0;0;0;0;0;0;0;0;0
1847;D;CALDARA;Venezia;7;5,5;5,33;0;0;0;0;0;0;0;2;0;0
1850;C;KESSIE';Milan;7;6,08;6,08;0;0;0;2;1;1;0;0;0;0
1852;D;SPINAZZOLA;Roma;0;0;0;0;0;0;0;0;0;0;0;0;0
1857;A;DI FRANCESCO F.;Empoli;6;6,42;7,42;2;0;0;0;0;0;0;0;0;0
1866;D;CEPPITELLI;Cagliari;9;5,83;6,11;1;0;0;0;0;0;0;1;0;0
1868;D;MURRU;Sampdoria;5;5,38;5,12;0;0;0;0;0;0;0;2;0;0
1870;C;BARELLA;Inter;10;6,75;7,4;1;0;0;0;0;0;5;3;0;0
1871;C;DEIOLA;Cagliari;10;5,8;6;1;0;0;0;0;0;0;2;0;0
1874;A;JOAO PEDRO;Cagliari;10;6,3;8,2;4;0;0;2;2;0;2;2;0;0
1879;A;FARIAS;Cagliari;2;6;6;0;0;0;0;0;0;0;0;0;0
1889;P;CORDAZ;Inter;0;0;0;0;0;0;0;0;0;0;0;0;0
1891;D;CECCHERINI;Verona;8;5,81;5,62;0;0;0;0;0;0;0;3;0;0
1895;D;FERRARI G.;Sassuolo;10;5,7;5,6;0;0;0;0;0;0;0;2;0;0
1917;P;DRAGOWSKI;Fiorentina;5;6;5,2;0;6;1;0;0;0;0;0;1;0
1930;P;PINSOGLIO;Juventus;0;0;0;0;0;0;0;0;0;0;0;0;0
1933;C;MANDRAGORA;Torino;8;6,07;6;0;0;0;0;0;0;1;3;0;0
1934;P;STRAKOSHA;Lazio;0;0;0;0;0;0;0;0;0;0;0;0;0
1943;A;NESTOROVSKI;Udinese;0;0;0;0;0;0;0;0;0;0;0;0;0
1946;P;ARESTI;Cagliari;0;0;0;0;0;0;0;0;0;0;0;0;0
1947;P;FIORILLO;Salernitana;0;0;0;0;0;0;0;0;0;0;0;0;0
1958;A;CAPRARI;Verona;8;6,93;8,71;3;0;0;0;0;0;4;1;0;0
1972;C;TORREIRA;Fiorentina;7;6,07;6,07;0;0;0;0;0;0;0;0;0;0
1978;C;SENSI;Inter;4;6;6;0;0;0;0;0;0;0;0;0;0
1980;C;ARAMU;Venezia;7;6,5;7,79;2;0;0;1;1;0;1;2;0;0
1987;C;JANKTO;Sampdoria;0;0;0;0;0;0;0;0;0;0;0;0;0
1995;C;DJURICIC;Sassuolo;9;6,22;6,94;2;0;0;0;0;0;1;1;0;0
1997;A;SIMY;Salernitana;10;5,75;6,15;1;0;0;0;0;0;1;0;0;0
1998;A;PJACA;Torino;5;6,1;7,3;2;0;0;0;0;0;0;0;0;0
2002;C;CHIESA;Juventus;9;6,06;6,5;1;0;0;0;0;0;1;0;0;0
2006;D;LIROLA;Fiorentina;0;0;0;0;0;0;0;0;0;0;0;0;0
2008;C;LINETTY;Torino;10;5,7;5,65;0;0;0;0;0;0;0;1;0;0
2009;C;LUKIC;Torino;10;6;6,3;1;0;0;0;0;0;1;2;0;0
2011;C;MIGUEL VELOSO;Verona;4;6,25;6,25;0;0;0;0;0;0;2;2;1;0
2038;A;PINAMONTI;Empoli;9;6,22;7,17;2;0;0;1;1;0;0;1;0;0
2061;A;SIMEONE;Verona;9;6,5;9;6;0;0;0;0;0;2;0;0;0
2064;D;VESELI;Salernitana;0;0;0;0;0;0;0;0;0;0;0;0;0
2065;C;PRAET;Torino;4;6,38;6,5;0;0;0;0;0;0;1;1;0;0
2073;A;RAGUSA;Verona;0;0;0;0;0;0;0;0;0;0;0;0;0
2076;C;ROG;Cagliari;0;0;0;0;0;0;0;0;0;0;0;0;0
2077;C;PASALIC;Atalanta;10;6,17;6,94;1;0;0;0;0;0;4;0;0;0
2083;D;BIRASCHI;Genoa;7;5,57;5,36;0;0;0;0;0;0;0;3;0;0
2085;C;LUIS ALBERTO;Lazio;10;5,9;6,5;1;0;0;0;0;0;4;2;0;0
2091;P;PLIZZARI;Milan;0;0;0;0;0;0;0;0;0;0;0;0;0
2097;A;KEAN;Juventus;6;6;7,2;2;0;0;0;0;0;0;1;0;0
2103;A;PELLEGRI;Milan;3;5,75;5,75;0;0;0;0;0;0;0;0;0;0
2104;D;BERESZYNSKI;Sampdoria;9;5,89;5,83;0;0;0;0;0;0;2;5;0;0
2107;C;KIYINE;Venezia;5;6;5,9;0;0;0;0;0;0;0;1;0;0
2115;D;DELLI CARRI;Salernitana;0;0;0;0;0;0;0;0;0;0;0;0;0
2116;D;FARAGO';Cagliari;0;0;0;0;0;0;0;0;0;0;0;0;0
2117;C;KASTANOS;Salernitana;6;6;6,2;0;0;0;0;0;0;1;0;0;0
2119;A;DEULOFEU;Udinese;8;6,44;7,25;2;0;0;0;0;0;1;1;0;0
2120;D;BASTONI;Inter;9;6;5,89;0;0;0;0;0;0;0;2;0;0
2121;C;MELEGONI;Genoa;3;5,5;5,5;0;0;0;0;0;0;0;0;0;0
2127;P;SATALINO;Sassuolo;0;0;0;0;0;0;0;0;0;0;0;0;0
2130;D;HATEBOER;Atalanta;0;0;0;0;0;0;0;0;0;0;0;0;0
2134;P;FALCONE;Sampdoria;0;0;0;0;0;0;0;0;0;0;0;0;0
2137;A;SCAMACCA;Sassuolo;10;6,17;7,08;2;0;0;0;0;0;0;1;0;0
2141;D;DEPAOLI;Sampdoria;5;5,5;5,38;0;0;0;0;0;0;0;1;0;0
2144;C;COULIBALY M.;Salernitana;8;6,12;6,81;2;0;0;0;0;0;0;1;0;0
2154;C;VIGNATO;Bologna;7;5,83;5,67;0;0;0;0;0;0;0;2;0;0
2155;A;CUTRONE;Empoli;9;5,69;6;1;0;0;0;0;0;0;1;0;0
2160;D;GOSENS;Atalanta;6;6,08;6,42;1;0;0;0;0;0;0;2;0;0
2161;C;HAAS;Empoli;9;5,94;6;0;0;0;0;0;0;2;3;0;0
2164;D;MILENKOVIC;Fiorentina;9;6,11;6,33;1;0;0;0;0;0;0;2;0;0
2166;C;BENTANCUR;Juventus;7;6;6,07;0;0;0;0;0;0;1;1;0;0
2167;C;ORSOLINI;Bologna;6;5,6;5,7;0;0;0;0;0;0;1;1;0;0
2169;D;RODRIGUEZ R.;Torino;9;5,94;5,83;0;0;0;0;0;0;0;2;0;0
2170;P;MILINKOVIC-SAVIC V.;Torino;10;6,3;5,4;0;11;1;0;0;0;0;2;0;0
2171;D;LYANCO;Torino;0;0;0;0;0;0;0;0;0;0;0;0;0
2172;C;BARAK;Verona;10;6,45;7,55;1;0;0;3;3;0;0;2;0;0
2174;D;VENUTI;Fiorentina;5;5,6;5,6;0;0;0;0;0;0;0;0;0;0
2178;P;CRAGNO;Cagliari;9;6,17;4,17;0;18;0;0;0;0;0;0;0;0
2179;P;SIRIGU;Genoa;10;6,45;4,05;0;22;0;0;0;0;0;0;0;1
2180;D;KARSDORP;Roma;10;6,2;6,2;0;0;0;0;0;0;1;2;0;0
2181;D;PALOMINO;Atalanta;9;6;5,72;0;0;0;0;0;0;0;5;0;0
2188;D;MARUSIC;Lazio;9;5,5;5,39;0;0;0;0;0;0;0;2;0;0
2192;D;BONIFAZI;Bologna;7;5,33;4,83;0;0;0;0;0;0;0;2;0;1
2194;C;CALHANOGLU;Inter;8;6;6,57;1;0;0;0;0;0;2;2;0;0
2195;A;OUNAS;Napoli;5;6;6;0;0;0;0;0;0;0;0;0;0
2206;D;FELICIOLI;Venezia;0;0;0;0;0;0;0;0;0;0;0;0;0
2208;D;JAROSZYNSKI;Salernitana;6;5,1;4,9;0;0;0;0;0;0;0;2;0;0
2209;C;LUCAS LEIVA;Lazio;10;5,56;5,44;0;0;0;0;0;0;0;2;0;0
2211;P;SILVESTRI;Udinese;10;6,2;4,75;0;14;0;0;0;0;0;1;0;0
2213;C;CASSATA;Genoa;0;0;0;0;0;0;0;0;0;0;0;0;0
2214;D;KOLAROV;Inter;2;6;6;0;0;0;0;0;0;0;0;0;0
2215;C;VERETOUT;Roma;10;6,35;7,3;3;0;0;2;1;1;2;3;0;0
2249;P;SANTURRO;Udinese;0;0;0;0;0;0;0;0;0;0;0;0;0
2252;D;MARCHIZZA;Empoli;9;5,56;5,44;0;0;0;0;0;0;0;2;0;0
2253;C;BANDINELLI;Empoli;9;5,94;6,33;1;0;0;0;0;0;1;1;0;0
2263;D;LAZZARI;Lazio;9;5,72;6;1;0;0;0;0;0;0;1;0;0
2279;D;ROMAGNA;Sassuolo;0;0;0;0;0;0;0;0;0;0;0;0;0
2280;D;NUYTINCK;Udinese;10;6,1;6,2;0;0;0;0;0;0;1;0;0;0
2284;A;CAICEDO;Genoa;3;6,67;7,83;1;0;0;0;0;0;1;1;0;0
2285;D;BANI;Genoa;3;5,83;5,83;0;0;0;0;0;0;0;0;0;0
2286;C;CROCIATA;Empoli;1;6;6;0;0;0;0;0;0;0;0;0;0
2289;D;DALBERT;Cagliari;6;5,75;5,67;0;0;0;0;0;0;0;1;0;0
2296;D;MANCINI;Roma;10;5,85;5,7;0;0;0;0;0;0;0;3;0;0
2297;P;ROSSI F.;Atalanta;0;0;0;0;0;0;0;0;0;0;0;0;0
2302;C;BEHRAMI;Genoa;8;5,75;5,5;0;0;0;0;0;0;0;3;0;0
2304;A;SALCEDO E.;Spezia;5;5,83;5,83;0;0;0;0;0;0;0;0;0;0
2309;D;PEZZELLA GER.;Fiorentina;0;0;0;0;0;0;0;0;0;0;0;0;0
2312;D;HRISTOV;Spezia;10;5,5;5,45;0;0;0;0;0;0;0;1;0;0
2315;D;STRYGER LARSEN;Udinese;10;5,72;5,61;0;0;0;0;0;0;1;0;0;1
2318;D;ROGERIO;Sassuolo;9;5,83;5,72;0;0;0;0;0;0;0;2;0;0
2328;D;VANHEUSDEN;Genoa;5;5,5;5,3;0;0;0;0;0;0;0;2;0;0
2334;C;LERIS;Sampdoria;0;0;0;0;0;0;0;0;0;0;0;0;0
2335;D;LUIZ FELIPE;Lazio;8;5,81;5,5;0;0;0;0;0;0;0;3;1;0
2379;C;RABIOT;Juventus;6;5,5;5,67;0;0;0;0;0;0;1;0;0;0
2391;C;EKDAL;Sampdoria;7;5,92;5,75;0;0;0;0;0;0;0;2;0;0
2392;C;WALACE;Udinese;10;5,55;5,4;0;0;0;0;0;0;0;3;0;0
2409;A;RIBERY;Salernitana;6;6,42;6,67;0;0;0;0;0;0;2;1;0;0
2414;C;VIDAL;Inter;4;6,5;7,38;1;0;0;0;0;0;1;1;0;0
2453;D;NASTASIC;Fiorentina;2;5,75;5,75;0;0;0;0;0;0;0;0;0;0
2468;P;OSPINA;Napoli;7;6,36;6,07;0;2;0;0;0;0;0;0;0;0
2472;C;RAMSEY;Juventus;3;5,83;5,83;0;0;0;0;0;0;0;0;0;0
2475;A;SANCHEZ;Inter;5;6,12;6,62;0;0;0;0;0;0;2;0;0;0
2489;A;PEDRO;Lazio;10;6,05;6,7;2;0;0;0;0;0;1;1;0;0
2525;D;DARMIAN;Inter;9;6,17;6,5;1;0;0;0;0;0;1;2;0;0
2529;C;MKHITARYAN;Roma;10;5,95;6,7;2;0;0;0;0;0;2;1;0;0
2530;A;IBRAHIMOVIC;Milan;4;6,5;8,17;2;0;0;0;0;0;1;0;0;1
2531;A;LUKAKU;Inter;0;0;0;0;0;0;0;0;0;0;0;0;0
2544;A;ABRAHAM;Roma;10;6,3;6,95;2;0;0;0;0;0;2;3;0;0
2572;D;GODIN;Cagliari;6;5,58;5,42;0;0;0;0;0;0;0;2;0;0
2610;A;RONALDO;Juventus;1;6;5,5;0;0;0;0;0;0;0;1;0;0
2614;D;ODRIOZOLA;Fiorentina;7;5,93;5,64;0;0;0;0;0;0;0;4;0;0
2625;C;SORIANO;Bologna;8;5,56;5,38;0;0;0;0;0;0;1;1;2;0
2628;P;ROMERO S.;Venezia;3;6;4,33;0;5;0;0;0;0;0;0;0;0
2633;D;KJAER;Milan;6;6,33;6,25;0;0;0;0;0;0;0;1;0;0
2639;C;BAKAYOKO;Milan;3;5,5;5,25;0;0;0;0;0;0;0;2;0;0
2653;D;LYKOGIANNIS;Cagliari;9;5,69;5,62;0;0;0;0;0;0;0;1;0;0
2654;A;CETER;Cagliari;1;0;0;0;0;0;0;0;0;0;0;0;0
2692;C;CASTILLEJO;Milan;3;6,5;6,5;0;0;0;0;0;0;0;0;0;0
2703;C;ADRIEN SILVA;Sampdoria;10;5,81;5,88;0;0;0;0;0;0;1;1;0;0
2719;A;BARROW;Bologna;8;6,38;8,25;4;0;0;0;0;0;3;0;0;0
2724;D;BUONGIORNO;Torino;5;5,6;5,6;0;0;0;0;0;0;1;2;0;0
2728;D;PELLEGRINI LU.;Juventus;1;6;6;0;0;0;0;0;0;0;0;0;0
2739;D;RECA;Spezia;0;0;0;0;0;0;0;0;0;0;0;0;0
2741;C;PESSINA;Atalanta;6;6;6;0;0;0;0;0;0;0;0;0;0
2743;A;SANTANDER;Bologna;3;0;0;0;0;0;0;0;0;0;0;0;0
2744;C;SVANBERG;Bologna;9;6,06;6,31;1;0;0;0;0;0;0;2;0;0
2745;D;CALABRESI;Bologna;0;0;0;0;0;0;0;0;0;0;0;0;0
2746;D;DIJKS;Bologna;3;5,25;5;0;0;0;0;0;0;0;1;0;0
2750;A;MRAZ;Spezia;2;5,75;5,75;0;0;0;0;0;0;0;0;0;0
2758;D;GUNTER;Verona;9;5,72;5,5;0;0;0;0;0;0;0;0;0;1
2759;D;CRISCITO;Genoa;10;6,05;7,2;0;0;0;4;4;0;1;3;0;0
2762;A;KOUAME';Fiorentina;0;0;0;0;0;0;0;0;0;0;0;0;0
2764;A;MARTINEZ L.;Inter;9;6,44;8,11;4;0;0;1;1;0;1;2;0;0
2766;C;ZANIOLO;Roma;9;5,94;5,72;0;0;0;0;0;0;0;2;1;0
2769;D;MAGNANI;Verona;9;6;5,88;0;0;0;0;0;0;0;2;0;0
2775;C;RUIZ;Napoli;9;6,5;7,22;2;0;0;0;0;0;1;1;0;0
2778;C;STULAC;Empoli;7;6;6,64;1;0;0;0;0;0;2;1;0;0
2781;P;FUZATO;Roma;0;0;0;0;0;0;0;0;0;0;0;0;0
2784;D;COLLEY;Sampdoria;10;5,95;5,8;0;0;0;0;0;0;0;3;0;0
2788;D;BREMER;Torino;9;6,33;6,56;1;0;0;0;0;0;0;2;0;0
2790;P;ROSATI;Fiorentina;0;0;0;0;0;0;0;0;0;0;0;0;0
2792;P;MUSSO;Atalanta;9;6,11;4,94;0;10;0;0;0;0;0;1;0;0
2793;D;OPOKU;Udinese;0;0;0;0;0;0;0;0;0;0;0;0;0
2814;P;PROVEDEL;Spezia;3;6;4,5;0;4;0;0;0;0;0;1;0;0
2815;P;TERRACCIANO;Fiorentina;6;6,17;5;0;7;0;0;0;0;0;0;0;0
2816;D;DI LORENZO;Napoli;9;6,11;6,06;0;0;0;0;0;0;0;1;0;0
2818;C;BENNACER;Milan;10;6,39;6,83;1;0;0;0;0;0;1;0;0;0
2819;A;CAPUTO;Sampdoria;10;6;7,05;3;0;0;0;0;0;2;1;0;0
2825;C;BOURABIA;Spezia;4;6,38;7,12;1;0;0;0;0;0;0;0;0;0
2826;A;PUSSETTO;Udinese;8;5,88;6,25;1;0;0;0;0;0;1;2;0;0
2832;A;BOGA;Sassuolo;7;6,21;6,5;0;0;0;0;0;0;2;0;0;0
2833;C;KULUSEVSKI;Juventus;10;6;6,07;0;0;0;0;0;0;1;1;0;0
2835;C;KINGSLEY;Bologna;2;5,5;5,5;0;0;0;0;0;0;0;0;0;0
2838;D;IMPERIALE;Empoli;0;0;0;0;0;0;0;0;0;0;0;0;0
2839;C;SOTTIL;Fiorentina;7;5,75;6,08;1;0;0;0;0;0;0;0;1;0
2841;A;VLAHOVIC;Fiorentina;10;6,3;7,85;2;0;0;3;3;0;1;1;0;0
2845;P;CONTINI;Napoli;0;0;0;0;0;0;0;0;0;0;0;0;0
2848;C;FRATTESI;Sassuolo;10;6,2;6,75;2;0;0;0;0;0;0;1;0;0
2855;C;VIEIRA;Sampdoria;0;0;0;0;0;0;0;0;0;0;0;0;0
2857;C;TRAORE' HJ.;Sassuolo;9;6,19;6,5;1;0;0;0;0;0;0;1;0;0
2860;D;MALCUIT;Napoli;1;0;0;0;0;0;0;0;0;0;0;0;0
2861;P;SEMPER;Genoa;0;0;0;0;0;0;0;0;0;0;0;0;0
2865;D;AINA;Torino;9;5,83;5,67;0;0;0;0;0;0;0;3;0;0
2869;D;DJIDJI;Torino;8;5,69;5,44;0;0;0;0;0;0;0;2;1;0
4179;A;GONZALEZ N.;Fiorentina;8;6,31;7,06;2;0;0;0;0;0;1;0;1;0
4184;A;BREKALO;Torino;7;6,21;7;2;0;0;0;0;0;0;1;0;0
4200;A;GIROUD;Milan;6;6,58;8,58;3;0;0;1;1;0;0;0;0;0
4220;C;ZAMBO ANGUISSA;Napoli;7;6,64;6,5;0;0;0;0;0;0;0;2;0;0
4237;D;DANILO;Juventus;8;5,88;5,75;0;0;0;0;0;0;0;2;0;0
4245;D;SMALLING;Roma;4;6;6;0;0;0;0;0;0;0;0;0;0
4268;A;ARNAUTOVIC;Bologna;9;6,33;7;2;0;0;2;1;1;1;2;0;0
4270;P;RUI PATRICIO;Roma;10;6,25;5,2;0;10;0;0;0;0;0;1;0;0
4285;C;ARTHUR;Juventus;3;6;6;0;0;0;0;0;0;0;0;0;0
4287;C;LOBOTKA;Napoli;2;6;6;0;0;0;0;0;0;0;0;0;0
4292;D;HERNANDEZ T.;Milan;8;6,38;6,94;1;0;0;0;0;0;2;1;0;0
4307;D;ROMERO;Atalanta;0;0;0;0;0;0;0;0;0;0;0;0;0
4312;P;MAIGNAN;Milan;7;6,29;5,57;0;5;0;0;0;0;0;0;0;0
4323;D;ZEEGELAAR;Udinese;2;5,5;5,5;0;0;0;0;0;0;0;0;0;0
4324;A;OKAKA;Udinese;2;6,5;6,5;0;0;0;0;0;0;0;1;0;0
4327;C;OLIVA;Cagliari;1;0;0;0;0;0;0;0;0;0;0;0;0
4329;D;NIKOLAOU;Spezia;10;5,45;5,25;0;0;0;0;0;0;0;4;0;0
4331;D;IBANEZ;Roma;10;6;6,61;2;0;0;0;0;0;0;1;0;0
4332;D;DEMIRAL;Atalanta;6;5,92;5,75;0;0;0;0;0;0;0;2;0;0
4346;A;MILLICO;Torino;0;0;0;0;0;0;0;0;0;0;0;0;0
4359;A;PICCOLI;Atalanta;6;6;7;1;0;0;0;0;0;0;0;0;0
4364;C;GAETANO;Napoli;2;6;6;0;0;0;0;0;0;0;0;0;0
4366;D;ARMINI;Lazio;0;0;0;0;0;0;0;0;0;0;0;0;0
4370;C;PORTANOVA;Genoa;1;5,5;5,5;0;0;0;0;0;0;0;0;0;0
4371;A;RASPADORI;Sassuolo;10;6,1;6,45;1;0;0;0;0;0;1;1;0;0
4374;D;WALUKIEWICZ;Cagliari;5;5,6;5,5;0;0;0;0;0;0;0;1;0;0
4375;D;TERZIC;Fiorentina;3;6;6;0;0;0;0;0;0;0;0;0;0
4376;C;ZURKOWSKI;Empoli;9;5,86;5,71;0;0;0;0;0;0;0;2;0;0
4377;C;CASTROVILLI;Fiorentina;6;5,92;5,92;0;0;0;0;0;0;1;2;0;0
4378;D;RANIERI L.;Salernitana;8;5,69;5,81;1;0;0;0;0;0;0;4;0;0
4384;C;JAGIELLO;Genoa;0;0;0;0;0;0;0;0;0;0;0;0;0
4385;C;LAZARO;Inter;0;0;0;0;0;0;0;0;0;0;0;0;0
4389;C;ANDERSON A.;Lazio;1;6,5;6,5;0;0;0;0;0;0;0;0;0;0
4393;C;SCHOUTEN;Bologna;2;5,75;5,75;0;0;0;0;0;0;1;0;1;0
4397;D;VAVRO;Lazio;0;0;0;0;0;0;0;0;0;0;0;0;0
4401;D;GABBIA;Milan;1;6,5;6,5;0;0;0;0;0;0;0;0;0;0
4403;D;CHABOT;Sampdoria;3;6;5,75;0;0;0;0;0;0;0;1;0;0
4404;C;THORSBY;Sampdoria;9;6;6,11;1;0;0;0;0;0;1;6;0;0
4406;D;TRIPALDELLI;Cagliari;0;0;0;0;0;0;0;0;0;0;0;0;0
4407;D;IGOR;Fiorentina;5;5,62;5,5;0;0;0;0;0;0;0;1;0;0
4409;D;RRAHMANI;Napoli;6;6,67;7,67;2;0;0;0;0;0;0;0;0;0
4411;C;AGOUME;Inter;0;0;0;0;0;0;0;0;0;0;0;0;0
4412;D;RODRIGO BECAO;Udinese;10;5,9;5,8;0;0;0;0;0;0;0;2;0;0
4414;D;DENSWIL;Bologna;0;0;0;0;0;0;0;0;0;0;0;0;0
4415;C;SKOV OLSEN;Bologna;7;5,83;6;0;0;0;0;0;0;1;0;0;0
4421;D;AUGELLO;Sampdoria;9;5,83;6,17;1;0;0;0;0;0;0;0;0;0
4422;D;TOMIYASU;Bologna;1;0;0;0;0;0;0;0;0;0;0;0;0
4423;C;HERNANI;Genoa;4;5,62;5,62;0;0;0;0;0;0;0;0;0;0
4426;D;TOLJAN;Sassuolo;7;6;6,07;0;0;0;0;0;0;1;1;0;0
4427;C;MALINOVSKYI;Atalanta;10;6,25;6,8;2;0;0;0;0;0;1;3;0;0
4428;D;DE LIGT;Juventus;7;6,21;6,64;1;0;0;0;0;0;0;0;0;0
4430;A;CRISTO;Udinese;0;0;0;0;0;0;0;0;0;0;0;0;0
4433;D;ZORTEA;Salernitana;7;5,75;5,62;0;0;0;0;0;0;0;1;0;0
4435;A;COLLEY E.;Spezia;4;5,75;5,75;0;0;0;0;0;0;0;0;0;0
4441;P;ANDRENACCI;Genoa;0;0;0;0;0;0;0;0;0;0;0;0;0
4449;C;TONALI;Milan;10;6,67;7,33;2;0;0;0;0;0;1;2;0;0
4453;A;TORREGROSSA;Sampdoria;6;5,5;5,5;0;0;0;0;0;0;0;1;0;0
4459;C;ROVELLA;Genoa;10;6,25;6,55;0;0;0;0;0;0;3;0;0;0
4461;D;ZAPPA;Cagliari;8;5,75;5,56;0;0;0;0;0;0;0;1;1;0
4465;C;FAGIOLI;Juventus;0;0;0;0;0;0;0;0;0;0;0;0;0
4477;A;LA MANTIA;Empoli;4;6;6;0;0;0;0;0;0;0;0;0;0
4479;C;ELMAS;Napoli;9;6,06;6,28;1;0;0;0;0;0;0;2;0;0
4483;A;CANGIANO;Bologna;0;0;0;0;0;0;0;0;0;0;0;0;0
4491;P;BERARDI A.;Verona;0;0;0;0;0;0;0;0;0;0;0;0;0
4493;D;DAWIDOWICZ;Verona;9;5,83;5,72;0;0;0;0;0;0;0;2;0;0
4494;D;EMPEREUR;Verona;0;0;0;0;0;0;0;0;0;0;0;0;0
4495;D;KUMBULLA;Roma;1;0;0;0;0;0;0;0;0;0;0;0;0
4498;C;HENDERSON L.;Empoli;10;6,11;6,06;0;0;0;0;0;0;0;1;0;0
4500;A;DI CARMINE;Verona;1;5,5;5;0;0;0;0;0;0;0;1;0;0
4501;C;OBIANG;Sassuolo;0;0;0;0;0;0;0;0;0;0;0;0;0
4507;A;TUTINO;Napoli;0;0;0;0;0;0;0;0;0;0;0;0;0
4510;A;RAFAEL LEAO;Milan;10;6,65;7,9;4;0;0;0;0;0;1;1;0;0
4514;C;NANDEZ;Cagliari;9;6,11;6,06;0;0;0;0;0;0;1;3;0;0
4515;C;AGUDELO;Spezia;1;5,5;5,5;0;0;0;0;0;0;0;0;0;0
4517;A;LOZANO;Napoli;9;6,22;7,06;2;0;0;0;0;0;2;1;0;0
4519;D;CETIN;Verona;2;6;6;0;0;0;0;0;0;0;0;0;0
4521;D;MULDUR;Sassuolo;5;5,75;5,5;0;0;0;0;0;0;0;2;0;0
4522;C;AMRABAT;Fiorentina;6;5,9;5,7;0;0;0;0;0;0;0;2;0;0
4525;P;GEMELLO;Torino;0;0;0;0;0;0;0;0;0;0;0;0;0
4530;D;KYRIAKOPOULOS;Sassuolo;5;5,67;5,67;0;0;0;0;0;0;0;0;0;0
4661;A;OSIMHEN;Napoli;8;6,44;8,12;5;0;0;0;0;0;0;1;1;0
4681;C;LOPEZ M.;Sassuolo;10;6,39;6,56;1;0;0;0;0;0;0;4;0;0
4719;D;AMPADU;Venezia;5;5,8;5,5;0;0;0;0;0;0;1;3;1;0
4725;C;DEMME;Napoli;2;5,5;5;0;0;0;0;0;0;0;1;0;0
4751;D;TOMORI;Milan;10;6,3;6,25;0;0;0;0;0;0;0;1;0;0
4825;C;DIAZ B.;Milan;7;6,79;8,07;3;0;0;0;0;0;1;2;0;0
4867;P;TURATI;Sassuolo;0;0;0;0;0;0;0;0;0;0;0;0;0
4869;C;DOMINGUEZ;Bologna;9;6,17;6,06;0;0;0;0;0;0;1;4;0;0
4881;D;CZYBORRA;Genoa;0;0;0;0;0;0;0;0;0;0;0;0;0
4884;A;CARLES PEREZ;Roma;5;6,25;6,38;0;0;0;0;0;0;1;1;0;0
4885;C;VILLAR;Roma;0;0;0;0;0;0;0;0;0;0;0;0;0
4886;C;PEREIRO;Cagliari;7;5,88;5,88;0;0;0;0;0;0;0;0;0;0
4887;D;BELLANOVA;Cagliari;4;5,75;5,62;0;0;0;0;0;0;0;1;0;0
4888;D;SUTALO;Verona;5;5,6;5,6;0;0;0;0;0;0;0;0;0;0
4890;C;TAMEZE;Verona;10;5,85;5,8;0;0;0;0;0;0;0;1;0;0
4891;D;SOUMAORO;Bologna;4;5,5;4,83;0;0;0;0;0;0;0;2;1;0
4892;C;SAELEMAEKERS;Milan;10;6,1;6,25;0;0;0;0;0;0;2;1;0;0
4894;C;HARASLIN;Sassuolo;0;0;0;0;0;0;0;0;0;0;0;0;0
4895;D;YOSHIDA;Sampdoria;10;5,65;6,2;2;0;0;0;0;0;0;1;0;0
4896;C;MALDINI;Milan;4;6,5;7,75;1;0;0;0;0;0;0;1;0;0
4899;D;SINGO;Torino;10;6,35;6,5;0;0;0;0;0;0;2;1;0;0
4919;C;BALDURSSON;Bologna;0;0;0;0;0;0;0;0;0;0;0;0;0
4921;C;ASKILDSEN;Sampdoria;9;5,75;5,31;0;0;0;0;0;0;0;3;0;1
4925;D;CARBONI;Cagliari;9;5,61;5,56;0;0;0;0;0;0;0;1;0;0
4932;D;BALLARINI;Udinese;0;0;0;0;0;0;0;0;0;0;0;0;0
4934;D;LOVATO;Atalanta;4;6,17;6;0;0;0;0;0;0;0;1;0;0
4935;C;LADINETTI;Cagliari;0;0;0;0;0;0;0;0;0;0;0;0;0
4936;A;MANZARI;Sassuolo;0;0;0;0;0;0;0;0;0;0;0;0;0
4938;A;MORO;Lazio;7;5,88;6,12;0;0;0;0;0;0;1;0;0;0
4945;D;CALAFIORI;Roma;5;6;6,25;0;0;0;0;0;0;1;2;0;0
4946;D;FRABOTTA;Verona;0;0;0;0;0;0;0;0;0;0;0;0;0
4950;D;DALLE MURA;Fiorentina;0;0;0;0;0;0;0;0;0;0;0;0;0
4953;C;PALUMBO;Juventus;0;0;0;0;0;0;0;0;0;0;0;0;0
4957;P;MONTIPO';Verona;9;6,06;4,28;0;16;0;0;0;0;0;0;0;0
4964;P;VICARIO;Empoli;10;6,45;4,45;0;20;0;0;0;0;0;0;0;0
4965;C;MARIN;Cagliari;10;5,95;6,2;0;0;0;0;0;0;3;1;0;0
4970;C;MESSIAS;Milan;1;5;4,5;0;0;0;0;0;0;0;1;0;0
4973;C;MCKENNIE;Juventus;7;5,67;6,17;1;0;0;0;0;0;0;0;0;0
4975;C;ESCALANTE;Lazio;1;0;0;0;0;0;0;0;0;0;0;0;0
4976;D;KALULU;Milan;5;6,25;6,38;0;0;0;0;0;0;1;1;0;0
4977;P;RAVAGLIA;Sampdoria;0;0;0;0;0;0;0;0;0;0;0;0;0
4978;C;DAMSGAARD;Sampdoria;7;5,71;5,64;0;0;0;0;0;0;0;1;0;0
4979;D;AYHAN;Sassuolo;5;6,17;6,17;0;0;0;0;0;0;0;0;0;0
4981;P;KRAPIKAS;Spezia;0;0;0;0;0;0;0;0;0;0;0;0;0
4982;D;ERLIC;Spezia;3;5,5;5,33;0;0;0;0;0;0;0;1;0;0
4983;D;FERRER;Spezia;10;5,65;5,55;0;0;0;0;0;0;0;2;0;0
4984;D;RAMOS;Spezia;0;0;0;0;0;0;0;0;0;0;0;0;0
4985;D;VIGNALI;Spezia;2;4,5;4,5;0;0;0;0;0;0;0;0;0;0
4988;C;MAGGIORE;Spezia;9;6,28;6,5;0;0;0;0;0;0;2;0;0;0
4992;A;GYASI;Spezia;10;5,75;6;2;0;0;0;0;0;0;3;0;1
4994;D;VOJVODA;Torino;5;5,8;5,8;0;0;0;0;0;0;0;0;0;0
4995;C;SEGRE;Torino;0;0;0;0;0;0;0;0;0;0;0;0;0
4996;P;PANDUR;Verona;1;5,5;2,5;0;3;0;0;0;0;0;0;0;0
4997;D;RUEGG;Verona;0;0;0;0;0;0;0;0;0;0;0;0;0
4998;D;MOLINA N.;Udinese;10;5,95;6,3;1;0;0;0;0;0;1;1;0;0
5001;C;MIRANCHUK;Atalanta;6;5,67;5,67;0;0;0;0;0;0;0;0;0;0
5004;A;FORESTIERI;Udinese;2;7;9,5;1;0;0;0;0;0;0;1;0;0
5005;P;ZOET;Spezia;7;5,79;3,5;0;19;1;0;0;0;0;0;0;0
5007;C;ILIC;Verona;10;6,35;6,65;1;0;0;0;0;0;3;2;0;1
5010;D;ISMAJLI;Empoli;7;5,64;5,14;0;0;0;0;0;0;0;3;0;1
5012;A;MURIQI;Lazio;6;5,75;5,75;0;0;0;0;0;0;0;0;0;0
5017;D;BALLO-TOURE';Milan;5;5,5;5,33;0;0;0;0;0;0;0;1;0;0
5119;C;SAMARDZIC;Udinese;7;6,67;8;1;0;0;0;0;0;1;0;0;0
5233;A;MAYORAL;Roma;2;5,5;5,5;0;0;0;0;0;0;0;0;0;0
5286;C;AKPA AKPRO;Lazio;7;5,3;5,2;0;0;0;0;0;0;0;1;0;0
5287;C;ARSLAN;Udinese;9;5,69;5,56;0;0;0;0;0;0;0;2;0;0
5292;A;LAMMERS;Atalanta;2;6;6;0;0;0;0;0;0;0;0;0;0
5298;C;POBEGA;Torino;8;6,31;6,81;2;0;0;0;0;0;0;4;0;0
5300;D;HICKEY;Bologna;9;5,83;6,39;2;0;0;0;0;0;0;2;0;0
5304;P;BOER;Roma;0;0;0;0;0;0;0;0;0;0;0;0;0
5306;P;ALIA;Lazio;0;0;0;0;0;0;0;0;0;0;0;0;0
5310;A;HAUGE;Milan;0;0;0;0;0;0;0;0;0;0;0;0;0
5311;A;SHOMURODOV;Roma;8;6,12;6,62;0;0;0;0;0;0;2;1;0;0
5312;C;LEO' SENA;Spezia;0;0;0;0;0;0;0;0;0;0;0;0;0
5316;D;AMIONE;Verona;0;0;0;0;0;0;0;0;0;0;0;0;0
5323;D;MARTINEZ QUARTA;Fiorentina;6;6;6,25;1;0;0;0;0;0;0;3;0;0
5329;C;MAKENGO;Udinese;10;5,9;6;0;0;0;0;0;0;1;0;0;0
5332;D;BASTONI S.;Spezia;9;6,06;6,5;2;0;0;0;0;0;0;2;1;0
5336;A;NZOLA;Spezia;7;5,5;5,5;0;0;0;0;0;0;0;1;0;0
5354;D;RUGGERI;Salernitana;3;5,67;5,67;0;0;0;0;0;0;0;0;0;0
5355;D;UDOGIE;Udinese;8;5,86;5,86;0;0;0;0;0;0;0;0;0;0
5360;A;VERGANI;Salernitana;1;0;0;0;0;0;0;0;0;0;0;0;0
5365;D;DRAGUSIN;Sampdoria;2;5,75;5,75;0;0;0;0;0;0;0;0;0;0
5375;D;MAEHLE;Atalanta;9;5,72;5,61;0;0;0;0;0;0;0;2;0;0
5378;A;ODDEI;Sassuolo;0;0;0;0;0;0;0;0;0;0;0;0;0
5391;A;KOKORIN;Fiorentina;3;6;6;0;0;0;0;0;0;0;1;0;0
5397;C;KOVALENKO;Spezia;4;6,12;7,12;1;0;0;0;0;0;1;0;0;0
5398;D;REYNOLDS;Roma;1;0;0;0;0;0;0;0;0;0;0;0;0
5420;C;DARBOE;Roma;1;6;6;0;0;0;0;0;0;0;0;0;0
5422;C;ZALEWSKI;Roma;2;0;0;0;0;0;0;0;0;0;0;0;0
5423;C;BOVE;Roma;1;0;0;0;0;0;0;0;0;0;0;0;0
5439;A;KALLON;Genoa;10;5,9;5,85;0;0;0;0;0;0;1;3;0;0
5444;C;CORTINOVIS;Atalanta;0;0;0;0;0;0;0;0;0;0;0;0;0
5445;D;BINKS;Bologna;3;6,25;6,25;0;0;0;0;0;0;0;0;0;0
5446;A;VAN HOOIJDONK;Bologna;2;6;6;0;0;0;0;0;0;0;0;0;0
5447;D;ALTARE;Cagliari;1;5,5;5,5;0;0;0;0;0;0;0;0;0;0
5448;P;FURLAN;Empoli;0;0;0;0;0;0;0;0;0;0;0;0;0
5449;D;PARISI;Empoli;2;5;5;0;0;0;0;0;0;0;0;0;0
5450;D;STOJANOVIC;Empoli;10;5,8;5,7;0;0;0;0;0;0;1;4;0;0
5451;C;BAJRAMI;Empoli;10;6,22;7;0;0;0;2;2;0;1;0;0;0
5452;C;DAMIANI;Empoli;0;0;0;0;0;0;0;0;0;0;0;0;0
5453;C;RICCI S.;Empoli;9;5,83;6;1;0;0;0;0;0;0;1;1;0
5454;A;MANCUSO;Empoli;6;5,92;6,42;1;0;0;0;0;0;0;0;0;0
5455;A;MOREO;Empoli;0;0;0;0;0;0;0;0;0;0;0;0;0
5456;D;FERRARINI;Fiorentina;0;0;0;0;0;0;0;0;0;0;0;0;0
5457;C;MALEH;Fiorentina;6;6;6;0;0;0;0;0;0;0;0;0;0
5458;A;MUNTEANU;Fiorentina;0;0;0;0;0;0;0;0;0;0;0;0;0
5459;A;BUKSA;Genoa;1;5;5;0;0;0;0;0;0;0;0;0;0
5460;A;SATRIANO;Inter;2;6;6;0;0;0;0;0;0;0;0;0;0
5461;D;KAMENOVIC;Lazio;0;0;0;0;0;0;0;0;0;0;0;0;0
5462;C;CIERVO;Sampdoria;2;5,5;5,5;0;0;0;0;0;0;0;0;0;0
5463;D;AYA;Salernitana;2;5;4,75;0;0;0;0;0;0;0;1;0;0
5464;D;BOGDAN;Salernitana;2;5,5;5,5;0;0;0;0;0;0;0;0;0;0
5465;D;SY;Salernitana;0;0;0;0;0;0;0;0;0;0;0;0;0
5466;D;STRANDBERG;Salernitana;9;5,61;5,28;0;0;0;0;0;0;0;0;1;1
5467;C;BOULTAM;Salernitana;0;0;0;0;0;0;0;0;0;0;0;0;0
5468;C;CAVION;Salernitana;0;0;0;0;0;0;0;0;0;0;0;0;0
5469;C;DI TACCHIO;Salernitana;8;5,57;5,5;0;0;0;0;0;0;0;1;0;0
5470;C;SCHIAVONE;Salernitana;5;6,5;8;1;0;0;0;0;0;0;0;0;0
5471;A;DJURIC;Salernitana;9;5,89;6,17;1;0;0;0;0;0;0;1;0;0
5472;A;KRISTOFFERSEN;Salernitana;1;0;0;0;0;0;0;0;0;0;0;0;0
5473;D;KAIQUE ROCHA;Sampdoria;0;0;0;0;0;0;0;0;0;0;0;0;0
5475;D;AMIAN;Spezia;6;5,5;5,5;0;0;0;0;0;0;1;0;1;0
5476;C;KORNVIG;Spezia;0;0;0;0;0;0;0;0;0;0;0;0;0
5477;A;WARMING;Torino;1;0;0;0;0;0;0;0;0;0;0;0;0
5478;P;MAENPAA;Venezia;6;5,92;4,33;0;9;0;0;0;0;0;1;0;0
5479;D;CECCARONI;Venezia;10;5,8;5,95;1;0;0;0;0;0;0;3;0;0
5480;D;EBUEHI;Venezia;6;5,58;5,5;0;0;0;0;0;0;0;1;0;0
5481;D;MAZZOCCHI;Venezia;8;5,81;5,69;0;0;0;0;0;0;0;2;0;0
5482;D;MODOLO;Venezia;0;0;0;0;0;0;0;0;0;0;0;0;0
5483;D;SCHNEGG;Venezia;3;5,5;5,5;0;0;0;0;0;0;0;1;0;0
5484;D;SVOBODA;Venezia;7;5,79;5,79;0;0;0;0;0;0;0;0;0;0
5485;C;BJARKASON;Venezia;0;0;0;0;0;0;0;0;0;0;0;0;0
5486;C;CRNIGOJ;Venezia;9;5,94;5,89;0;0;0;0;0;0;0;1;0;0
5487;C;HEYMANS;Venezia;7;5,83;5,67;0;0;0;0;0;0;1;4;0;0
5488;C;FIORDILINO;Venezia;3;6,25;6;0;0;0;0;0;0;0;1;0;0
5489;C;PECILE;Venezia;0;0;0;0;0;0;0;0;0;0;0;0;0
5490;C;PERETZ;Venezia;5;5,7;5,7;0;0;0;0;0;0;0;0;0;0
5491;C;TAUGOURDEAU;Venezia;0;0;0;0;0;0;0;0;0;0;0;0;0
5492;C;TESSMANN;Venezia;2;5,5;5,25;0;0;0;0;0;0;0;1;0;0
5493;A;BOCALON;Venezia;0;0;0;0;0;0;0;0;0;0;0;0;0
5494;A;DI MARIANO;Venezia;1;5,5;5,5;0;0;0;0;0;0;0;0;0;0
5495;A;FORTE;Venezia;7;5,75;5,58;0;0;0;0;0;0;0;2;0;0
5496;A;JOHNSEN;Venezia;8;5,94;5,81;0;0;0;0;0;0;0;2;0;0
5498;D;CASALE;Verona;9;6,06;6,12;0;0;0;0;0;0;1;2;0;0
5499;C;HONGLA;Verona;7;5,5;5,42;0;0;0;0;0;0;0;1;0;0
5500;A;CANCELLIERI;Verona;4;5,83;5,83;0;0;0;0;0;0;0;0;0;0
5501;C;SIGURDSSON A.;Venezia;3;5,67;5,67;0;0;0;0;0;0;0;0;0;0
5502;P;ADAMONIS;Lazio;0;0;0;0;0;0;0;0;0;0;0;0;0
5503;D;KECHRIDA;Salernitana;8;5,81;5,81;0;0;0;0;0;0;0;0;0;0
5504;C;COULIBALY L.;Salernitana;7;6;5,93;0;0;0;0;0;0;0;1;0;0
5505;A;KAIO JORGE;Juventus;3;6;6;0;0;0;0;0;0;0;0;0;0
5506;A;EKUBAN;Genoa;7;5,64;5,57;0;0;0;0;0;0;0;1;0;0
5507;C;BUSIO;Venezia;9;6;6,33;1;0;0;0;0;0;1;2;0;0
5508;C;VACCA;Venezia;7;5,93;5,79;0;0;0;0;0;0;0;2;0;0
5509;D;VINA;Roma;8;5,62;5,69;0;0;0;0;0;0;1;1;0;0
5510;C;ROMERO L.;Lazio;1;0;0;0;0;0;0;0;0;0;0;0;0
5511;C;MATHEUS HENRIQUE;Sassuolo;2;6;6;0;0;0;0;0;0;0;0;0;0
5512;A;DE LUCA;Sampdoria;0;0;0;0;0;0;0;0;0;0;0;0;0
5513;D;DUMFRIES;Inter;8;5,86;5,93;0;0;0;0;0;0;1;1;0;0
5514;D;VASQUEZ;Genoa;3;5,67;6,5;1;0;0;0;0;0;0;1;0;0
5515;A;OKEREKE;Venezia;9;6,06;6,72;2;0;0;0;0;0;0;0;0;0
5516;C;BIANCO;Fiorentina;0;0;0;0;0;0;0;0;0;0;0;0;0
5517;C;YEPES;Sampdoria;0;0;0;0;0;0;0;0;0;0;0;0;0
5518;P;MARFELLA;Napoli;0;0;0;0;0;0;0;0;0;0;0;0;0
5519;C;SHER;Spezia;1;6;6;0;0;0;0;0;0;0;0;0;0
5520;D;CAMBIASO;Genoa;10;6;6,45;1;0;0;0;0;0;2;1;0;0
5521;P;BERTINATO;Venezia;0;0;0;0;0;0;0;0;0;0;0;0;0
5523;A;BIANCHI F.;Genoa;2;6;6;0;0;0;0;0;0;0;0;0;0
5524;D;SERPE;Genoa;1;5,5;5,5;0;0;0;0;0;0;0;0;0;0
5525;A;GALAZZI;Venezia;1;6;6;0;0;0;0;0;0;0;0;0;0
5526;D;SCALVINI;Atalanta;2;5,5;5,5;0;0;0;0;0;0;0;0;0;0
5527;D;ZANOLI;Napoli;1;0;0;0;0;0;0;0;0;0;0;0;0
5528;P;ZOVKO;Spezia;0;0;0;0;0;0;0;0;0;0;0;0;0
5529;A;HENRY;Venezia;9;5,88;6,06;1;0;0;0;0;0;1;1;0;1
5673;A;ANTISTE;Spezia;9;5,81;6,19;1;0;0;0;0;0;0;0;0;0
5674;C;BASIC;Lazio;4;5,67;5,5;0;0;0;0;0;0;0;1;0;0
5675;D;THEATE;Bologna;5;6,2;7,6;2;0;0;0;0;0;1;0;0;0
5676;A;SUCCESS;Udinese;2;6,5;8;1;0;0;0;0;0;0;0;0;0
5677;D;PEREZ N.;Udinese;0;0;0;0;0;0;0;0;0;0;0;0;0
5678;D;HOLM;Spezia;0;0;0;0;0;0;0;0;0;0;0;0;0
5682;P;MOLLA;Bologna;0;0;0;0;0;0;0;0;0;0;0;0;0
5684;C;TOURE' A.;Genoa;5;5,4;5,3;0;0;0;0;0;0;0;1;0;0
5685;C;KOOPMEINERS;Atalanta;7;6,42;6,42;0;0;0;0;0;0;0;0;0;0
5686;D;SOPPY;Udinese;8;6,17;6,17;0;0;0;0;0;0;0;0;0;0
5688;C;HARROUI;Sassuolo;5;5,5;5,33;0;0;0;0;0;0;0;1;0;0
5689;C;IHATTAREN;Sampdoria;0;0;0;0;0;0;0;0;0;0;0;0;0
5690;A;STRELEC;Spezia;5;5,88;6,62;1;0;0;0;0;0;0;0;0;0
5691;D;ZIMA;Torino;3;6,25;6,25;0;0;0;0;0;0;0;0;0;0
5693;D;KIWIOR;Spezia;0;0;0;0;0;0;0;0;0;0;0;0;0
5694;A;BETO;Udinese;8;6,25;7,38;3;0;0;0;0;0;0;0;0;0
5695;D;HAPS;Venezia;3;6;6;0;0;0;0;0;0;0;0;0;0
5701;D;OBERT;Cagliari;1;6;6;0;0;0;0;0;0;0;0;0;0
5704;P;RUSSO;Salernitana;0;0;0;0;0;0;0;0;0;0;0;0;0
5705;C;GALDAMES;Genoa;2;6;6;0;0;0;0;0;0;0;0;0;0
5707;P;PIANA;Udinese;0;0;0;0;0;0;0;0;0;0;0;0;0
5713;P;NERI;Venezia;0;0;0;0;0;0;0;0;0;0;0;0;0
5714;A;GONDO;Salernitana;7;6;6,36;1;0;0;0;0;0;0;1;0;0
5716;A;PODGOREANU;Spezia;4;5,75;6,25;0;0;0;0;0;0;1;0;0;0
5718;D;VITI;Empoli;4;5,5;5;0;0;0;0;0;0;0;0;0;1
5719;C;ASLLANI;Empoli;3;6;6;0;0;0;0;0;0;0;0;0;0
5722;C;NGUIAMBA;Spezia;0;0;0;0;0;0;0;0;0;0;0;0;0
5725;C;KONE B.;Torino;1;5;5;0;0;0;0;0;0;0;0;0;0
5728;A;AFENA-GYAN;Roma;1;6,5;6,5;0;0;0;0;0;0;0;0;0;0
